text,label
"URGENT: your account will be suspended. Verify your password at http://192.168.4.1/login",1
"This is your CEO. Buy gift cards immediately and send me the codes.",1
"Security alert: confirm your bank details within 24 hours at bit.ly/secure-acct",1
"Your parcel is on hold. Pay the customs fee at http://xn--pypal-4ve.com/pay",1
"Hey, it's me. Can you lend me some money? I'll explain later.",1
"Hi team, the meeting notes from Tuesday are attached.",0
"Thanks for the quick review, I merged the fix this morning.",0
"Reminder: the library closes early on Friday.",0
"Your invoice for October is attached. Payment is due in 30 days.",0
"Can you send me the slides from yesterday's lecture?",0
